shop,name,url,price,score,trading,review
张小泉思优普专卖店,张小泉菜刀 家用不锈钢厨房刀具切片刀切菜刀切肉刀免磨开刃包邮,https://detail.tmall.com/item.htm?id=37351519906&skuId=3114177585970&user_id=1848910522&cat_id=2&is_b=1&rn=d8043c7d8ae817a43523bcb3f9f7d732,69.00,42992.0,8496笔,2.6万
天猫超市,【天猫超市】张小泉居家日用厨房刀具民用菜刀切片刀切肉不锈钢,https://detail.tmall.com/item.htm?id=17579524635&skuId=68120168556&user_id=725677994&cat_id=2&is_b=1&rn=d8043c7d8ae817a43523bcb3f9f7d732,49.00,9156.0,3328笔,2500
悠达家居专营店,十八子作菜刀不锈钢厨房刀具 阳江厨刀斩骨切菜刀家用切片刀正品,https://detail.tmall.com/item.htm?id=35859056428&skuId=3202011210248&user_id=1831429802&cat_id=2&is_b=1&rn=d8043c7d8ae817a43523bcb3f9f7d732,41.00,52902.0,5951笔,4.1万
十八子作官方旗舰店,十八子作 厨房菜刀具套装 家用切片刀砍骨刀组合 雀开屏2件套,https://detail.tmall.com/item.htm?id=537028500512&skuId=3422535498815&user_id=1625288681&cat_id=2&is_b=1&rn=d8043c7d8ae817a43523bcb3f9f7d732,198.00,3344.0,993笔,1358
铁匠世家旗舰店,铁匠世家切菜刀 厨师专业专用切片刀手工锻打厨房不锈钢厨刀刀具,https://detail.tmall.com/item.htm?id=534448158375&skuId=4611686552875546279&user_id=2067034612&cat_id=2&is_b=1&rn=d8043c7d8ae817a43523bcb3f9f7d732,139.00,2481.0,821笔,839
张小泉官方旗舰店,张小泉全套豪享刀具套装不锈钢厨房套刀七件套菜刀套装DC0168包邮,https://detail.tmall.com/item.htm?id=15602789801&skuId=51397955522&user_id=684978371&cat_id=2&is_b=1&rn=d8043c7d8ae817a43523bcb3f9f7d732,189.00,14975.0,2595笔,9785
龙之艺旗舰店,龙之艺菜刀家用手工锻打不锈钢刀具德厨房切菜刀锋利切片刀国厨刀,https://detail.tmall.com/item.htm?id=40502857659&skuId=3107729409179&user_id=2157875399&cat_id=2&is_b=1&rn=d8043c7d8ae817a43523bcb3f9f7d732,25.00,69000.0,1.2万笔,4.5万
双立人飞鱼秀专卖店,德国双立人刀具中片刀多用刀2件套装厨房家用不锈钢菜刀切熟食刀,https://detail.tmall.com/item.htm?id=19873176868&skuId=3195140622134&user_id=661205023&cat_id=2&is_b=1&rn=d8043c7d8ae817a43523bcb3f9f7d732,328.00,7768.0,1139笔,5490
苏泊尔汇田专卖店,苏泊尔不锈钢刀具套装 厨房套刀全套菜刀组合切片刀砍骨刀七件套,https://detail.tmall.com/item.htm?id=521455206769&skuId=3219074444443&user_id=815034968&cat_id=2&is_b=1&rn=d8043c7d8ae817a43523bcb3f9f7d732,229.00,6949.0,1790笔,3369
锐帝斯旗舰店,锐帝斯波浪刀 狼牙土豆刀 不锈钢切薯条波浪刀 波纹料理切丝菜刀,https://detail.tmall.com/item.htm?id=534706324637&skuId=3190687570507&user_id=2373998650&cat_id=2&is_b=1&rn=d8043c7d8ae817a43523bcb3f9f7d732,32.00,4984.0,1855笔,1274
Mytime官方海外旗舰店,德国进口双立人红点不锈钢中片刀菜刀切片刀磨刀棒厨房用具2件套,https://detail.tmall.com/item.htm?id=528522359682&skuId=4611686546949747586&user_id=2553412486&cat_id=2&is_b=1&rn=d8043c7d8ae817a43523bcb3f9f7d732,298.00,1577.0,393笔,791
邓家刀旗舰店,邓家刀 大足手工锻打9铬不锈钢厨房刀具家用切肉切菜刀切片刀,https://detail.tmall.com/item.htm?id=37588996106&skuId=3109227856659&user_id=1975581916&cat_id=2&is_b=1&rn=d8043c7d8ae817a43523bcb3f9f7d732,89.00,5647.0,845笔,3957
苏泊尔炊具旗舰店,苏泊尔厨房刀具套装 家用厨具菜刀水果刀全套七件套组合刀具,https://detail.tmall.com/item.htm?id=526295584040&skuId=3218931287981&user_id=699994102&cat_id=2&is_b=1&rn=d8043c7d8ae817a43523bcb3f9f7d732,299.00,2590.0,768笔,1054
双立人美滔美淘专卖店,德国双立人刀具套装红点8件厨房菜刀中片刀斩骨刀组合进口不锈钢,https://detail.tmall.com/item.htm?id=35281183745&skuId=4611686053708571649&user_id=134438005&cat_id=2&is_b=1&rn=d8043c7d8ae817a43523bcb3f9f7d732,888.00,3943.0,551笔,2841
德世朗官方旗舰店,德世朗菜刀套装德国进口不锈钢切片刀切肉菜刀锻打家用厨房套刀具,https://detail.tmall.com/item.htm?id=42778893234&skuId=3100902372190&user_id=820342842&cat_id=2&is_b=1&rn=d8043c7d8ae817a43523bcb3f9f7d732,219.00,5101.0,288笔,4525
越兴家居专营店,张小泉菜刀家用不锈钢切片刀具厨房家用锋利的切菜刀斩骨切肉两用,https://detail.tmall.com/item.htm?id=535729480139&skuId=3196585364011&user_id=2452657814&cat_id=2&is_b=1&rn=d8043c7d8ae817a43523bcb3f9f7d732,69.00,9038.0,3024笔,2990
大大和小小家居专营店,十八子作刀具套装厨房家用菜刀套装不锈钢刀具菜刀全套组合七件套,https://detail.tmall.com/item.htm?id=532006493347&skuId=3173854069362&user_id=2824452710&cat_id=2&is_b=1&rn=d8043c7d8ae817a43523bcb3f9f7d732,168.00,2924.0,1060笔,804
苏泊尔海飞轩专卖店,苏泊尔刀具套装不锈钢七件套厨房刀具组合装切菜刀切片刀TK1506E,https://detail.tmall.com/item.htm?id=522970151287&skuId=3203092806035&user_id=911905430&cat_id=2&is_b=1&rn=d8043c7d8ae817a43523bcb3f9f7d732,299.00,553.0,108笔,337
德利尔旗舰店,德利尔陶瓷菜刀黑刃陶瓷刀菜刀 德国切片切菜刀家用切肉厨房刀具,https://detail.tmall.com/item.htm?id=35021344759&skuId=68847022538&user_id=1796285223&cat_id=2&is_b=1&rn=d8043c7d8ae817a43523bcb3f9f7d732,69.00,7474.0,1949笔,3576
ameal旗舰店,Ameal德国刀具套装厨房全套家用不锈钢切菜刀砍骨刀切片刀套装,https://detail.tmall.com/item.htm?id=523192964309&skuId=4611686541620352213&user_id=2066085694&cat_id=2&is_b=1&rn=d8043c7d8ae817a43523bcb3f9f7d732,688.00,388.0,113笔,162
美珑美利家居旗舰店,美珑美利 锐朗6件套刀 厨房刀具套装菜刀德国进口不锈钢锋利套刀,https://detail.tmall.com/item.htm?id=40721499921&skuId=3207534761085&user_id=842743389&cat_id=2&is_b=1&rn=d8043c7d8ae817a43523bcb3f9f7d732,299.00,2041.0,329笔,1383
坤川家居专营店,张小泉刀具不锈钢切片刀家用厨房菜刀切菜刀切肉刀厨房刀水果刀,https://detail.tmall.com/item.htm?id=530447665929&skuId=3159189187227&user_id=687723539&cat_id=2&is_b=1&rn=d8043c7d8ae817a43523bcb3f9f7d732,69.00,6145.0,1344笔,3457
周家刀旗舰店,手工锻打砍骨刀周家刀切片刀砍骨刀菜刀整钢锻打DIY刀具朵格刀,https://detail.tmall.com/item.htm?id=521494538237&skuId=3236109000097&user_id=2421072120&cat_id=2&is_b=1&rn=d8043c7d8ae817a43523bcb3f9f7d732,120.00,789.0,188笔,413
newair维艾麦威专卖店,维艾不锈钢刀具套装厨房厨具套刀菜刀套装全套家用不锈钢组合德国,https://detail.tmall.com/item.htm?id=25539980579&skuId=3218298441526&user_id=1697657691&cat_id=2&is_b=1&rn=d8043c7d8ae817a43523bcb3f9f7d732,199.00,24694.0,3847笔,1.7万
美味谷旗舰店,德国双立人TWIN Point红点刀具菜刀磁性刀架套装厨房不锈钢刀组合,https://detail.tmall.com/item.htm?id=542236585602&skuId=4611686560663973506&user_id=2872938504&cat_id=2&is_b=1&rn=d8043c7d8ae817a43523bcb3f9f7d732,899.00,68.0,32笔,4
bayco拜格旗舰店,拜格德国不锈钢刀具套装厨具菜刀全套家用套刀水果刀组合厨房用品,https://detail.tmall.com/item.htm?id=538288728742&skuId=3215439909397&user_id=1113302587&cat_id=2&is_b=1&rn=d8043c7d8ae817a43523bcb3f9f7d732,149.00,8206.0,3216笔,1774
小卡家居专营店,十八子作菜刀套装家用厨房不锈钢刀具套装锋利剁骨刀砍骨刀切片刀,https://detail.tmall.com/item.htm?id=539757057603&skuId=3235270809089&user_id=2986971171&cat_id=2&is_b=1&rn=d8043c7d8ae817a43523bcb3f9f7d732,128.00,3130.0,1421笔,288
kai贝印恩科专卖店,shun 旬刀 日本大马士革钢 刀具 主厨刀 厨房用品中华菜刀DM-0712,https://detail.tmall.com/item.htm?id=527306895474&skuId=4611686545734283378&user_id=2680105814&cat_id=2&is_b=1&rn=d8043c7d8ae817a43523bcb3f9f7d732,1259.00,237.0,56笔,125
禾易家居专营店,德国工艺刀具套装 厨房套刀 菜刀套装 厨具菜刀全套家用锅铲11件,https://detail.tmall.com/item.htm?id=538959968802&skuId=3201480438243&user_id=844811121&cat_id=2&is_b=1&rn=d8043c7d8ae817a43523bcb3f9f7d732,99.00,7184.0,3183笔,818
伦旭家居专营店,张小泉菜刀 家用不锈钢切菜刀厨房刀具切片刀手工锋利开刃 菜刀,https://detail.tmall.com/item.htm?id=525244788661&skuId=3421552263057&user_id=2452862926&cat_id=2&is_b=1&rn=d8043c7d8ae817a43523bcb3f9f7d732,39.00,2345.0,700笔,945
愉家居家日用专营店,陶瓷刀菜刀切水果肉片刀厨房刀具氧化锆大菜刀家用厨刀锋利切肉刀,https://detail.tmall.com/item.htm?id=526184030407&skuId=3132260175849&user_id=1882714749&cat_id=2&is_b=1&rn=d8043c7d8ae817a43523bcb3f9f7d732,89.00,1726.0,431笔,864
炊大皇旗舰,炊大皇刀具套装 厨房家用菜刀组合全套不锈钢刀具套刀厨具德国,https://detail.tmall.com/item.htm?id=26056724937&skuId=3407002558226&user_id=735011836&cat_id=2&is_b=1&rn=d8043c7d8ae817a43523bcb3f9f7d732,148.00,21338.0,8130笔,5078
沃生旗舰店,不锈钢德国切菜刀家用厨房刀具切片刀锻打小菜刀锋利手工切肉刀,https://detail.tmall.com/item.htm?id=41660636599&skuId=3110493142526&user_id=1640281828&cat_id=2&is_b=1&rn=d8043c7d8ae817a43523bcb3f9f7d732,34.00,7662.0,529笔,6604
康百居家居旗舰店,康百居 陶瓷刀具菜刀 厨用刀具 陶瓷刀 菜刀 陶瓷菜刀 切片刀菜刀,https://detail.tmall.com/item.htm?id=44576405336&skuId=81519341099&user_id=2454217167&cat_id=2&is_b=1&rn=d8043c7d8ae817a43523bcb3f9f7d732,29.80,6709.0,1144笔,4421
saber旗舰店,SABER菜刀 家用德国不锈钢切菜刀切片刀切肉刀厨师刀具西式主厨刀,https://detail.tmall.com/item.htm?id=43939728667&skuId=3104318161607&user_id=2362719160&cat_id=2&is_b=1&rn=d8043c7d8ae817a43523bcb3f9f7d732,138.00,1432.0,263笔,906
deslon德世朗大迈专卖店,德世朗不锈钢刀具小肉刀菜刀 德国工艺厨房切片刀家用厨刀切菜刀,https://detail.tmall.com/item.htm?id=520002625928&skuId=3100015782370&user_id=2454154739&cat_id=2&is_b=1&rn=d8043c7d8ae817a43523bcb3f9f7d732,109.00,3202.0,160笔,2882
wishing海外专营店,德国进口双立人切肉刀中片刀菜刀切片刀双立人刀具切菜刀套装,https://detail.tmall.com/item.htm?id=535531087691&skuId=3218695886330&user_id=2242369532&cat_id=2&is_b=1&rn=d8043c7d8ae817a43523bcb3f9f7d732,328.00,823.0,330笔,163
张小泉富寰专卖店,张小泉锋颖菜刀居家日用厨房刀具 不锈钢切片刀专业切菜刀切肉刀,https://detail.tmall.com/item.htm?id=526187265690&skuId=3201180126249&user_id=2732426150&cat_id=2&is_b=1&rn=d8043c7d8ae817a43523bcb3f9f7d732,89.00,4289.0,997笔,2295
陶正旗舰店,陶正陶瓷刀套装 德国厨房刀具套装 菜刀切肉刀切片刀水果刀厨房刀,https://detail.tmall.com/item.htm?id=536101108092&skuId=3199349113138&user_id=1027236195&cat_id=2&is_b=1&rn=d8043c7d8ae817a43523bcb3f9f7d732,139.00,2026.0,657笔,712
苏泊尔厨美居专卖店,苏泊尔刀具套装 不锈钢厨房刀具套装组合七件套切片刀砍骨刀菜刀,https://detail.tmall.com/item.htm?id=527558815849&skuId=3216667306079&user_id=2088650303&cat_id=2&is_b=1&rn=d8043c7d8ae817a43523bcb3f9f7d732,179.00,2080.0,627笔,826
居家夫人旗舰店,居家夫人菜刀德国不锈钢家用刀具切菜刀厨刀斩骨刀切片刀厨房菜刀,https://detail.tmall.com/item.htm?id=39016242410&skuId=4611686057443630314&user_id=875874454&cat_id=2&is_b=1&rn=d8043c7d8ae817a43523bcb3f9f7d732,68.00,5172.0,237笔,4698
newair维艾旗舰店,维艾刀具套装菜刀厨房套刀德国套装组合不锈钢一体家用全套厨具,https://detail.tmall.com/item.htm?id=16915556761&skuId=63616108994&user_id=822941990&cat_id=2&is_b=1&rn=d8043c7d8ae817a43523bcb3f9f7d732,148.00,17616.0,1808笔,1.4万
张小泉秉善专卖店,张小泉菜刀套装 商超套刀七件套刀具 厨房套装 不锈钢菜刀N5490,https://detail.tmall.com/item.htm?id=528293078544&skuId=3171845414635&user_id=2824527807&cat_id=2&is_b=1&rn=d8043c7d8ae817a43523bcb3f9f7d732,139.00,1655.0,548笔,559
仕利雅旗舰店,仕利雅刀具套装家用全套厨房刀具厨具水果刀组合德国不锈钢菜刀,https://detail.tmall.com/item.htm?id=44757976792&skuId=3197874396576&user_id=2069429190&cat_id=2&is_b=1&rn=d8043c7d8ae817a43523bcb3f9f7d732,158.00,7965.0,1095笔,5775
苏泊尔沃克尔专卖店,苏泊尔刀具七件套不锈钢家用厨房刀具切片刀砍骨刀菜刀套装TK1609,https://detail.tmall.com/item.htm?id=530886958343&skuId=3424007087574&user_id=1651369203&cat_id=2&is_b=1&rn=d8043c7d8ae817a43523bcb3f9f7d732,199.00,1788.0,299笔,1190
方太家居旗舰店,方太菜刀切菜刀厨房家用切片刀不锈钢厨房刀具套装厨师刀切肉刀,https://detail.tmall.com/item.htm?id=535345815042&skuId=3409869554659&user_id=2899772280&cat_id=2&is_b=1&rn=d8043c7d8ae817a43523bcb3f9f7d732,49.00,24847.0,1.1万笔,2847
supor苏泊尔相宾久专卖店,苏泊尔不锈钢刀具套装 菜刀家用套装厨房七件全套刀具组合菜刀,https://detail.tmall.com/item.htm?id=525585242009&skuId=3418499662014&user_id=2680159906&cat_id=2&is_b=1&rn=d8043c7d8ae817a43523bcb3f9f7d732,239.00,4573.0,1960笔,653
德世朗礼源专卖店,德世朗菜刀套装德国进口不锈钢切片刀切肉水果锻打家用厨房套刀具,https://detail.tmall.com/item.htm?id=532992089763&skuId=4611686551419477667&user_id=2460731286&cat_id=2&is_b=1&rn=d8043c7d8ae817a43523bcb3f9f7d732,219.00,323.0,46笔,231
supor苏泊尔大松专卖店,苏泊尔刀具套装 厨房 刀具全套组合不锈钢菜刀套装切菜刀多用刀,https://detail.tmall.com/item.htm?id=528344628645&skuId=3408006495743&user_id=2777150351&cat_id=2&is_b=1&rn=d8043c7d8ae817a43523bcb3f9f7d732,79.00,830.0,362笔,106
sangpengtang尚朋堂旗舰店,尚朋堂陶瓷刀套装 菜刀 德国厨房刀具切肉刀切片刀水果刀厨房刀具,https://detail.tmall.com/item.htm?id=539601028321&skuId=3233908456465&user_id=1678257123&cat_id=2&is_b=1&rn=d8043c7d8ae817a43523bcb3f9f7d732,99.00,1252.0,508笔,236
woll弗欧旗舰店,WOLL德国不锈钢全套刀具厨房菜刀套装全套厨房组合菜刀料理刀,https://detail.tmall.com/item.htm?id=522641415745&skuId=4611686541068803649&user_id=1023459968&cat_id=2&is_b=1&rn=d8043c7d8ae817a43523bcb3f9f7d732,688.00,282.0,106笔,70
博麦家居专营店,八方客锻打不锈钢加厚大砍骨刀剁斩切骨头斧屠宰家用菜刀厨房刀具,https://detail.tmall.com/item.htm?id=540872055945&skuId=3244810037620&user_id=3014361455&cat_id=2&is_b=1&rn=d8043c7d8ae817a43523bcb3f9f7d732,99.00,374.0,176笔,22
陶正鞠王专卖店,陶正陶瓷刀菜刀五件套装 德国厨房陶瓷套刀刀具套装切片刀水果刀,https://detail.tmall.com/item.htm?id=541030759443&skuId=3246267637196&user_id=2293950865&cat_id=2&is_b=1&rn=d8043c7d8ae817a43523bcb3f9f7d732,99.00,7551.0,3431笔,689
梦飞扬居家日用专营店,亿用陶瓷刀具套装厨房全套刀具水果刀切片刀家用菜刀件套装组合,https://detail.tmall.com/item.htm?id=535521194428&skuId=3240126596792&user_id=1125649371&cat_id=2&is_b=1&rn=d8043c7d8ae817a43523bcb3f9f7d732,89.00,1070.0,393笔,284
debohren旗舰店,DeBohren德国全不锈钢刀具套装厨房六件套菜刀家用套刀厨刀切片刀,https://detail.tmall.com/item.htm?id=539860010070&skuId=4611686558287397974&user_id=2979868116&cat_id=2&is_b=1&rn=d8043c7d8ae817a43523bcb3f9f7d732,499.00,67.0,32笔,3
派乐家居专营店,美瓷陶瓷刀套装两件套4寸6寸套装水果刀套装削皮刀万用刀,https://detail.tmall.com/item.htm?id=521829726543&skuId=3108552660930&user_id=1607846279&cat_id=2&is_b=1&rn=d8043c7d8ae817a43523bcb3f9f7d732,66.00,113.0,37笔,39
苏泊尔炊具旗舰店,苏泊尔菜刀家用切菜刀厨房切菜切肉刀具不锈钢厨刀厨师切片刀,https://detail.tmall.com/item.htm?id=533798223423&skuId=3239594573457&user_id=699994102&cat_id=2&is_b=1&rn=c6d596f44edd1a569543bdc5c251da97,99.00,8134.0,296笔,7542
李培德旗舰店,夹钢菜刀碳钢菜刀铁菜刀切菜刀厨房家用切肉刀切片刀锋利超薄刀具,https://detail.tmall.com/item.htm?id=528641010467&skuId=3147557093046&user_id=2436887674&cat_id=2&is_b=1&rn=c6d596f44edd1a569543bdc5c251da97,109.00,613.0,178笔,257
赢鑫年旗舰店,赢鑫年 陶瓷刀套装厨房刀具三件套菜刀水果刀切片刀氧化锆不生锈,https://detail.tmall.com/item.htm?id=45829648370&skuId=3192347925453&user_id=2059291957&cat_id=2&is_b=1&rn=c6d596f44edd1a569543bdc5c251da97,28.00,35528.0,7764笔,2.0万
众上居家日用专营店,kai贝印关孙六sk3家用菜刀不锈钢切片刀蔬菜肉菜刀日本原装进口,https://detail.tmall.com/item.htm?id=527052921127&skuId=3137505020238&user_id=2454195227&cat_id=2&is_b=1&rn=c6d596f44edd1a569543bdc5c251da97,209.00,401.0,79笔,243
苏泊尔炊具旗舰店,苏泊尔不锈钢菜刀刀具套装组合厨房套刀刀具七件套水果刀T0914Q,https://detail.tmall.com/item.htm?id=35275005846&skuId=3201193035635&user_id=699994102&cat_id=2&is_b=1&rn=c6d596f44edd1a569543bdc5c251da97,599.00,467.0,57笔,353
1978旗舰店,1978家用菜刀不锈钢刀具套装厨房德国组合菜板砧板切片刀锋利套刀,https://detail.tmall.com/item.htm?id=531576889251&skuId=3209202686657&user_id=2811105799&cat_id=2&is_b=1&rn=c6d596f44edd1a569543bdc5c251da97,79.00,2045.0,669笔,707
金石旗舰店,金石德国不锈钢切菜刀 家用厨房刀具切片刀肉刀厨师免磨开刃包邮,https://detail.tmall.com/item.htm?id=539850387102&skuId=3236041873958&user_id=1736637436&cat_id=2&is_b=1&rn=c6d596f44edd1a569543bdc5c251da97,29.99,26882.0,1.0万笔,6882
莱德斯旗舰店,莱德斯菜刀 家用不锈钢厨房刀具切菜刀 切片刀 切肉刀包邮免磨,https://detail.tmall.com/item.htm?id=537354981270&skuId=4611686555782369174&user_id=1777378231&cat_id=2&is_b=1&rn=c6d596f44edd1a569543bdc5c251da97,88.00,1574.0,383笔,808
supor翌淘专卖店,正品苏泊尔刀具苏泊尔套装刀具 刀具套装 厨房 菜刀套装切菜刀,https://detail.tmall.com/item.htm?id=43853606796&skuId=3244353824509&user_id=2420566063&cat_id=2&is_b=1&rn=c6d596f44edd1a569543bdc5c251da97,69.00,9103.0,726笔,7651
楚家刀旗舰店,楚家刀 传统菜刀炮弹钢菜刀切片刀手工锻打切片刀传统家用切片刀,https://detail.tmall.com/item.htm?id=35015591640&skuId=4611686053442979544&user_id=1104789908&cat_id=2&is_b=1&rn=c6d596f44edd1a569543bdc5c251da97,208.00,29.0,5笔,19
半塘家居专营店,拜格不锈钢切菜刀家用厨房德国刀具套装切肉刀剪刀切片刀厨师刀,https://detail.tmall.com/item.htm?id=524505795536&skuId=3187155101079&user_id=2231791996&cat_id=2&is_b=1&rn=c6d596f44edd1a569543bdc5c251da97,19.90,12981.0,2589笔,7803
喜图喜家居专营店,包邮台湾正士作炮弹钢金门菜刀九孔防粘切片刀创意菜刀不锈钢厨,https://detail.tmall.com/item.htm?id=8722363136&skuId=3121013906834&user_id=595449577&cat_id=2&is_b=1&rn=c6d596f44edd1a569543bdc5c251da97,59.00,326.0,72笔,182
Pearl海外旗舰店,德国纯手工锻造刀不锈钢厨房刀具菜刀水果刀厨房刀具套装刀具,https://detail.tmall.com/item.htm?id=536677877532&skuId=3203442058270&user_id=2891692197&cat_id=2&is_b=1&rn=c6d596f44edd1a569543bdc5c251da97,399.00,755.0,224笔,307
oko家居旗舰店,OKO全套厨房家用刀具套装不锈钢切菜刀 厨具厨刀组合套装套刀,https://detail.tmall.com/item.htm?id=528963573085&skuId=3150001793024&user_id=2123325748&cat_id=2&is_b=1&rn=c6d596f44edd1a569543bdc5c251da97,49.00,7325.0,1110笔,5105
龙之艺旗舰店,龙之艺手工锻打家用厨房锋利菜刀切片刀厨刀德不锈钢国刀具,https://detail.tmall.com/item.htm?id=520726144725&skuId=4611686539153532629&user_id=2157875399&cat_id=2&is_b=1&rn=c6d596f44edd1a569543bdc5c251da97,49.00,1068.0,235笔,598
kai贝印家居旗舰店,kai贝印旬刀shun进口日本菜刀日式刀具大马士革钢中华刀传统菜刀,https://detail.tmall.com/item.htm?id=41341602565&skuId=3119268741755&user_id=2185490739&cat_id=2&is_b=1&rn=c6d596f44edd1a569543bdc5c251da97,1599.00,163.0,54笔,55
sangpengtang尚朋堂旗舰店,尚朋堂 陶瓷刀具陶瓷刀菜刀厨刀切片刀切肉刀水果刀德国厨房刀具,https://detail.tmall.com/item.htm?id=35468684884&skuId=39218287602&user_id=1678257123&cat_id=2&is_b=1&rn=c6d596f44edd1a569543bdc5c251da97,99.00,7848.0,485笔,6878
deslon德世朗明投专卖店,德世朗家用菜刀切片刀 大号厨房单刀不锈钢刀具德国工艺水果刀,https://detail.tmall.com/item.htm?id=41663699797&skuId=3109983349658&user_id=2139177648&cat_id=2&is_b=1&rn=c6d596f44edd1a569543bdc5c251da97,139.00,1712.0,30笔,1652
周家刀旗舰店,切片刀周家刀手工锻打菜刀厨房刀具家用切片刀砍骨刀厨师切肉刀,https://detail.tmall.com/item.htm?id=45402297289&skuId=4611686063829685193&user_id=2421072120&cat_id=2&is_b=1&rn=c6d596f44edd1a569543bdc5c251da97,148.00,81.0,23笔,35
蜀品汇家居专营店,楚家刀菜刀 家用铭钨钢切肉刀切片刀 手工锻打花纹钢刀具 厨师刀,https://detail.tmall.com/item.htm?id=521848769793&skuId=3218811655903&user_id=2114728939&cat_id=2&is_b=1&rn=c6d596f44edd1a569543bdc5c251da97,128.00,126.0,41笔,44
鑫荣达芸锋专卖店,鑫荣达正品菜刀切片刀 家用厨房切肉刀具 不锈钢菜刀切菜刀,https://detail.tmall.com/item.htm?id=45378223762&skuId=3128029034234&user_id=2453044157&cat_id=2&is_b=1&rn=c6d596f44edd1a569543bdc5c251da97,25.00,3993.0,200笔,3593
kyocera京瓷旗舰店,京瓷KYOCERA 陶瓷刀 切菜刀 切肉刀切片厨房刀具6寸黑刃FK-150N,https://detail.tmall.com/item.htm?id=525076277783&skuId=3242536981283&user_id=2620731815&cat_id=2&is_b=1&rn=c6d596f44edd1a569543bdc5c251da97,735.00,117.0,39笔,39
德世朗礼源专卖店,德世朗菜刀切片刀 德国不锈钢切菜刀 手工锻打家用厨房切肉刀具,https://detail.tmall.com/item.htm?id=44363458401&skuId=4611686062790846305&user_id=2460731286&cat_id=2&is_b=1&rn=c6d596f44edd1a569543bdc5c251da97,139.00,493.0,10笔,473
pinpinu品品优旗舰店,进口刀具菜刀 家用不锈钢切菜刀切肉刀 日本厨房锻打刀具锋利正品,https://detail.tmall.com/item.htm?id=537655559509&skuId=3211745932148&user_id=2352109409&cat_id=2&is_b=1&rn=c6d596f44edd1a569543bdc5c251da97,139.00,203.0,76笔,51
百世特旗舰店,百世特切菜刀 手工锻打厨师刀专业菜刀不锈钢切片刀家用厨房刀具,https://detail.tmall.com/item.htm?id=527339479720&skuId=3138275576501&user_id=2452378698&cat_id=2&is_b=1&rn=c6d596f44edd1a569543bdc5c251da97,24.90,2757.0,194笔,2369
胡子王旗舰店,金门炮弹钢菜刀 胡子王百乐片刀 厨房刀具不粘切肉片刀切菜刀,https://detail.tmall.com/item.htm?id=15046898694&skuId=4611686033474286598&user_id=879857894&cat_id=2&is_b=1&rn=c6d596f44edd1a569543bdc5c251da97,69.00,1428.0,219笔,990
仕利雅旗舰店,仕利雅菜刀不锈钢厨房刀具德国家用切肉刀厨刀桑刀厨师专用切片刀,https://detail.tmall.com/item.htm?id=39240395908&skuId=4611686057667783812&user_id=2069429190&cat_id=2&is_b=1&rn=c6d596f44edd1a569543bdc5c251da97,33.00,7231.0,293笔,6645
楚家刀旗舰店,9铬钢切片刀 楚家刀手工锻打菜刀厨房家用刀具菜刀不锈钢厨师刀,https://detail.tmall.com/item.htm?id=20595391140&skuId=3418167671406&user_id=1104789908&cat_id=2&is_b=1&rn=c6d596f44edd1a569543bdc5c251da97,128.00,238.0,35笔,168
周家刀旗舰店,手工锻打夹钢夹切菜刀具厨房用具家用苏钢刀小切片菜刀女士周家刀,https://detail.tmall.com/item.htm?id=45357206064&skuId=4611686063784593968&user_id=2421072120&cat_id=2&is_b=1&rn=c6d596f44edd1a569543bdc5c251da97,105.00,160.0,22笔,116
德世朗礼源专卖店,德世朗菜刀家用厨房切菜刀德国不锈钢厨刀切片刀手工锻打切肉刀具,https://detail.tmall.com/item.htm?id=537726859029&skuId=3210976331709&user_id=2460731286&cat_id=2&is_b=1&rn=c6d596f44edd1a569543bdc5c251da97,165.00,556.0,168笔,220
锐帝斯旗舰店,锐帝斯复合钢厨房刀 斩切两用菜刀手工 不锈钢刀具 砍骨切片菜刀,https://detail.tmall.com/item.htm?id=43875809736&skuId=78163861875&user_id=2373998650&cat_id=2&is_b=1&rn=c6d596f44edd1a569543bdc5c251da97,395.00,26.0,4笔,18
拓旗舰店,拓牌菜刀 家用不锈钢厨刀锋利切菜刀切片刀德国进口钢材厨房刀具,https://detail.tmall.com/item.htm?id=529728527133&skuId=3204407299118&user_id=2830140553&cat_id=2&is_b=1&rn=c6d596f44edd1a569543bdc5c251da97,147.00,446.0,115笔,216
王麻子旗舰店,王麻子不锈钢柄片刀 DC28（包邮）,https://detail.tmall.com/item.htm?id=20140518196&skuId=4611686038567906100&user_id=1749264199&cat_id=2&is_b=1&rn=c6d596f44edd1a569543bdc5c251da97,88.00,408.0,35笔,338
美珑美利家居旗舰店,美珑美利 正品 龙渊系列菜刀 大马士革钢刀材质厨房刀具,https://detail.tmall.com/item.htm?id=39456170569&skuId=4611686057883558473&user_id=842743389&cat_id=2&is_b=1&rn=c6d596f44edd1a569543bdc5c251da97,599.00,93.0,14笔,65
胡子王旗舰店,金门菜刀胡子王千喜紫片刀炮弹钢刀具菜刀德国锋利切片刀厨刀,https://detail.tmall.com/item.htm?id=17908532249&skuId=4611686036335920153&user_id=879857894&cat_id=2&is_b=1&rn=c6d596f44edd1a569543bdc5c251da97,78.00,1402.0,272笔,858
派乐家居专营店,美瓷mycera套装 黑刃陶瓷刀菜刀切片刀  德国厨房刀具,https://detail.tmall.com/item.htm?id=520793420266&skuId=3103664131828&user_id=1607846279&cat_id=2&is_b=1&rn=c6d596f44edd1a569543bdc5c251da97,99.00,953.0,20笔,913
littlecook小师傅旗舰店,小师傅 菜刀切菜刀不锈钢家用厨房刀具 花梨木柄厨师刀切片刀,https://detail.tmall.com/item.htm?id=528145318773&skuId=3187847627179&user_id=2452488126&cat_id=2&is_b=1&rn=c6d596f44edd1a569543bdc5c251da97,69.00,267.0,19笔,229
愉家居家日用专营店,愉家厨师刀具锻打切菜刀不锈钢家用厨刀原木手柄切肉桑刀厨房刀具,https://detail.tmall.com/item.htm?id=539631915122&skuId=3234188332986&user_id=1882714749&cat_id=2&is_b=1&rn=c6d596f44edd1a569543bdc5c251da97,49.90,1860.0,703笔,454
ameal旗舰店,Ameal德国菜刀切片刀家用不锈钢厨刀切肉切菜刀厨房刀具砍骨刀,https://detail.tmall.com/item.htm?id=39097570549&skuId=4611686057524958453&user_id=2066085694&cat_id=2&is_b=1&rn=c6d596f44edd1a569543bdc5c251da97,316.00,388.0,37笔,314
德世朗官方旗舰店,德世朗菜刀不锈钢厨房刀具 厨刀切肉刀 切菜刀 家用切片刀,https://detail.tmall.com/item.htm?id=527085391178&skuId=3212399820735&user_id=820342842&cat_id=2&is_b=1&rn=c6d596f44edd1a569543bdc5c251da97,79.00,851.0,69笔,713
天猫海外直营,【天猫海外直营】WMF德国原装进口中式切片刀,https://detail.tmall.com/item.htm?id=532956088619&skuId=3178420623943&user_id=2807304908&cat_id=2&is_b=1&rn=c6d596f44edd1a569543bdc5c251da97,699.00,20.0,4笔,12
周光兴旗舰店,周光兴花纹钢菜刀手工锻打大马士革厨房用具切片刀千层钢刀胚刀具,https://detail.tmall.com/item.htm?id=39560633631&skuId=4611686057988021535&user_id=2096662128&cat_id=2&is_b=1&rn=c6d596f44edd1a569543bdc5c251da97,390.00,55.0,4笔,47
汉道旗舰店,汉道大马士革钢厨房刀具套装3件套菜刀套装刀具套装厨房套刀,https://detail.tmall.com/item.htm?id=525120731377&skuId=4611686543548119281&user_id=1973366347&cat_id=2&is_b=1&rn=c6d596f44edd1a569543bdc5c251da97,768.00,61.0,18笔,25
鑫旺源居家日用专营店,王麻子 家用菜刀 厨师刀 DF05  包邮,https://detail.tmall.com/item.htm?id=537937602300&skuId=4611686556364990204&user_id=2963171677&cat_id=2&is_b=1&rn=c6d596f44edd1a569543bdc5c251da97,35.00,55.0,19笔,17
十八子作官方旗舰店,十八子作 不锈钢菜刀七件套刀 耐用菜刀套装组合 锋利刀具套装,https://detail.tmall.com/item.htm?id=23265220691&skuId=3258594872800&user_id=1625288681&cat_id=2&is_b=1&rn=c6d596f44edd1a569543bdc5c251da97,168.00,3130.0,566笔,1998
十八子作官方旗舰店,十八子作 菜刀七件组合套装 不锈钢刀具 锋利耐用防滑手柄,https://detail.tmall.com/item.htm?id=43720419185&skuId=3422505210317&user_id=1625288681&cat_id=2&is_b=1&rn=c6d596f44edd1a569543bdc5c251da97,218.00,4603.0,742笔,3119
天猫超市,【天猫超市】张小泉厨房不锈钢刀具套装组合七件套刀 菜刀 N5489,https://detail.tmall.com/item.htm?id=22875084413&skuId=46278526788&user_id=725677994&cat_id=2&is_b=1&rn=c6d596f44edd1a569543bdc5c251da97,159.00,5931.0,2026笔,1879
张小泉思优普专卖店,张小泉不锈钢菜刀 德国钼钒钢切片刀切菜刀切肉刀家用厨房刀具,https://detail.tmall.com/item.htm?id=526198384261&skuId=3241463921322&user_id=1848910522&cat_id=2&is_b=1&rn=c6d596f44edd1a569543bdc5c251da97,189.00,555.0,191笔,173
张小泉思优普专卖店,张小泉菜刀 家用多功能不锈钢小厨刀水果刀西瓜刀寿司刀小菜刀,https://detail.tmall.com/item.htm?id=38343389812&skuId=62765704383&user_id=1848910522&cat_id=2&is_b=1&rn=c6d596f44edd1a569543bdc5c251da97,49.00,1402.0,334笔,734
双立人美滔美淘专卖店,德国双立人刀具套装菜刀不锈钢水果刀多用刀中切片刀银点刀具套装,https://detail.tmall.com/item.htm?id=19210205406&skuId=4611686037637593310&user_id=134438005&cat_id=2&is_b=1&rn=c6d596f44edd1a569543bdc5c251da97,1088.00,273.0,52笔,169
双立人美滔美淘专卖店,双立人菜刀具套装剪刀德国厨房中片刀磨刀器菜板切片刀水果刀,https://detail.tmall.com/item.htm?id=41325571478&skuId=3202800843783&user_id=134438005&cat_id=2&is_b=1&rn=c6d596f44edd1a569543bdc5c251da97,999.00,797.0,57笔,683
张小泉官方旗舰店,张小泉锋颖不锈钢切片刀家用厨房切菜刀熟食刀厨师切肉切丝单片刀,https://detail.tmall.com/item.htm?id=538505558406&skuId=3216236135378&user_id=684978371&cat_id=2&is_b=1&rn=c6d596f44edd1a569543bdc5c251da97,79.00,1633.0,703笔,227
bayco拜格旗舰店,拜格刀具套装厨房全套德国工艺不锈钢家用菜刀水果刀砧板厨具组合,https://detail.tmall.com/item.htm?id=539437593177&skuId=4611686557864981081&user_id=1113302587&cat_id=2&is_b=1&rn=c6d596f44edd1a569543bdc5c251da97,199.00,1916.0,827笔,262
张小泉富寰专卖店,张小泉菜刀不锈钢刀具家用厨房菜刀切片刀切菜切肉刀开刃正品包邮,https://detail.tmall.com/item.htm?id=539528211024&skuId=3233234177896&user_id=2732426150&cat_id=2&is_b=1&rn=c6d596f44edd1a569543bdc5c251da97,69.00,2020.0,790笔,440
小卡家居专营店,十八子刀具套装 厨房菜刀套装组合家用不锈钢七件套砍骨刀切片刀,https://detail.tmall.com/item.htm?id=540296582338&skuId=3239737273722&user_id=2986971171&cat_id=2&is_b=1&rn=c6d596f44edd1a569543bdc5c251da97,198.00,314.0,143笔,28
天猫超市,【天猫超市】Zhangtai 章太 厨刀切片刀不锈钢锋利木柄菜刀 3996,https://detail.tmall.com/item.htm?id=40988368993&skuId=62749746625&user_id=725677994&cat_id=2&is_b=1&rn=c6d596f44edd1a569543bdc5c251da97,19.90,2348.0,775笔,798
邓家刀旗舰店,大足邓家刀传统碳钢刀土钢菜刀夹钢铁菜刀厨房刀具锻打切片刀,https://detail.tmall.com/item.htm?id=37571891390&skuId=88756287881&user_id=1975581916&cat_id=2&is_b=1&rn=c6d596f44edd1a569543bdc5c251da97,88.00,475.0,71笔,333
悠达家居专营店,十八子作菜刀桑刀厨师刀1号 2号专业手工锻打菜刀切片刀切肉厨刀,https://detail.tmall.com/item.htm?id=38271524857&skuId=3202600947270&user_id=1831429802&cat_id=2&is_b=1&rn=c6d596f44edd1a569543bdc5c251da97,65.00,2092.0,237笔,1618
苏泊尔汇田专卖店,苏泊尔菜刀不锈钢切片刀厨房刀具切菜刀家用多用刀水果刀17/18cm,https://detail.tmall.com/item.htm?id=529285413074&skuId=3152391710026&user_id=815034968&cat_id=2&is_b=1&rn=c6d596f44edd1a569543bdc5c251da97,199.00,68.0,21笔,26
苏泊尔海飞轩专卖店,苏泊尔刀具套装厨房不锈钢套装厨房全套组合切菜刀切片刀水果刀,https://detail.tmall.com/item.htm?id=19677637312&skuId=45967286771&user_id=911905430&cat_id=2&is_b=1&rn=c6d596f44edd1a569543bdc5c251da97,69.00,3889.0,675笔,2539
oou居家日用旗舰店,OOU菜刀切菜刀厨房家用刀具德国不锈钢锋利切片刀厨房菜刀 切肉刀,https://detail.tmall.com/item.htm?id=529512833636&skuId=3234697336015&user_id=1913385940&cat_id=2&is_b=1&rn=dcc51554a2cbe941a9cbeb6ace96819b,59.00,11317.0,4326笔,2665
巧媳妇家居旗舰店,巧媳妇厨房刀具不锈钢一体菜刀切菜刀 家用品质切片刀锋利斩切刀,https://detail.tmall.com/item.htm?id=37345791152&skuId=3234810076173&user_id=1051137906&cat_id=2&is_b=1&rn=dcc51554a2cbe941a9cbeb6ace96819b,53.00,2708.0,534笔,1640
胡子王旗舰店,金门菜刀胡子王新月切片菜刀具 厨房家用切片刀不锈钢菜刀切肉刀,https://detail.tmall.com/item.htm?id=17757820652&skuId=4611686036185208556&user_id=879857894&cat_id=2&is_b=1&rn=dcc51554a2cbe941a9cbeb6ace96819b,60.00,4499.0,693笔,3113
十八子作淘家专卖店,十八子作刀具套装厨房套刀菜刀不锈钢家用切片砍骨刀全套组合厨具,https://detail.tmall.com/item.htm?id=43747968819&skuId=3154075836885&user_id=2136380956&cat_id=2&is_b=1&rn=dcc51554a2cbe941a9cbeb6ace96819b,198.00,798.0,182笔,434
十八子作官方旗舰店,十八子作 不锈钢菜刀 锋利钼钒钢 锋利切片刀  厨房刀具 送刀架,https://detail.tmall.com/item.htm?id=19354923370&skuId=3422564027263&user_id=1625288681&cat_id=2&is_b=1&rn=dcc51554a2cbe941a9cbeb6ace96819b,128.00,6774.0,1338笔,4098
张小泉思优普专卖店,张小泉不锈钢刀具套装 菜刀家用套装厨房七件全套刀具组合菜刀,https://detail.tmall.com/item.htm?id=43841029747&skuId=85179385544&user_id=1848910522&cat_id=2&is_b=1&rn=dcc51554a2cbe941a9cbeb6ace96819b,239.00,21266.0,5633笔,1.0万
十八子作官方旗舰店,阳江十八子作厨房套刀刀具 菜刀套装组合七件套 钼钒钢不锈钢,https://detail.tmall.com/item.htm?id=24610020928&skuId=3258679269909&user_id=1625288681&cat_id=2&is_b=1&rn=dcc51554a2cbe941a9cbeb6ace96819b,399.00,13299.0,2515笔,8269
悠达家居专营店,阳江十八子作菜刀切片刀家用 不锈钢切肉切菜刀厨房刀具切片刀,https://detail.tmall.com/item.htm?id=38221259000&skuId=3208939167667&user_id=1831429802&cat_id=2&is_b=1&rn=dcc51554a2cbe941a9cbeb6ace96819b,66.00,5315.0,926笔,3463
铁匠世家旗舰店,铁匠世家菜刀切片刀手工锻打德国不锈钢厨刀家用切菜套刀厨房刀具,https://detail.tmall.com/item.htm?id=39466700084&skuId=4611686057894087988&user_id=2067034612&cat_id=2&is_b=1&rn=dcc51554a2cbe941a9cbeb6ace96819b,88.00,6017.0,518笔,4981
天猫超市,【天猫超市】张小泉厨房家用刀具凤凰归来切片刀切肉不锈钢菜刀,https://detail.tmall.com/item.htm?id=12290115149&skuId=46346941648&user_id=725677994&cat_id=2&is_b=1&rn=dcc51554a2cbe941a9cbeb6ace96819b,69.00,2834.0,664笔,1506
天猫超市,【天猫超市】张小泉锐志切片刀 不锈钢菜刀家用厨房刀具强韧锋利,https://detail.tmall.com/item.htm?id=525907581782&skuId=4611686544334969686&user_id=725677994&cat_id=2&is_b=1&rn=dcc51554a2cbe941a9cbeb6ace96819b,89.00,1097.0,406笔,285
张小泉思优普专卖店,张小泉菜刀 家用不锈钢厨刀切片刀 切肉刀小菜刀开刃免磨女士菜刀,https://detail.tmall.com/item.htm?id=38668962265&skuId=53520979158&user_id=1848910522&cat_id=2&is_b=1&rn=dcc51554a2cbe941a9cbeb6ace96819b,66.00,4734.0,787笔,3160
双立人飞鱼秀专卖店,德国双立人刀具套装厨房菜刀中片刀剁骨刀水果刀组合不锈钢套刀,https://detail.tmall.com/item.htm?id=37061525836&skuId=3104883980613&user_id=661205023&cat_id=2&is_b=1&rn=dcc51554a2cbe941a9cbeb6ace96819b,738.00,4331.0,760笔,2811
邓家刀旗舰店,邓家刀砍骨刀骨头刀菜刀厨房刀具手工锻打切骨刀斩骨刀剁骨刀,https://detail.tmall.com/item.htm?id=37456614166&skuId=41681085671&user_id=1975581916&cat_id=2&is_b=1&rn=dcc51554a2cbe941a9cbeb6ace96819b,49.00,12189.0,2764笔,6661
张小泉官方旗舰店,张小泉比翼双飞厨房套刀七件套装刀具不锈钢菜刀包邮 DC0147,https://detail.tmall.com/item.htm?id=37222821339&skuId=50479547773&user_id=684978371&cat_id=2&is_b=1&rn=dcc51554a2cbe941a9cbeb6ace96819b,318.00,3046.0,464笔,2118
双立人美滔美淘专卖店,德国双立人刀具套装菜刀厨房中片刀磨刀器菜板竹制,https://detail.tmall.com/item.htm?id=41906672574&skuId=4611686060334060478&user_id=134438005&cat_id=2&is_b=1&rn=dcc51554a2cbe941a9cbeb6ace96819b,1488.00,673.0,107笔,459
苏泊尔海飞轩专卖店,苏泊尔刀具套装 厨房菜刀套装不锈钢厨房套刀多用刀切片刀七件套,https://detail.tmall.com/item.htm?id=21965635391&skuId=3240599601322&user_id=911905430&cat_id=2&is_b=1&rn=dcc51554a2cbe941a9cbeb6ace96819b,179.00,10278.0,232笔,9814
德世朗官方旗舰店,德世朗菜刀家用厨房切菜刀德国不锈钢厨刀切片刀手工锻打切肉刀具,https://detail.tmall.com/item.htm?id=45084191725&skuId=3154064523338&user_id=820342842&cat_id=2&is_b=1&rn=dcc51554a2cbe941a9cbeb6ace96819b,139.00,8632.0,710笔,7212
德世朗官方旗舰店,德世朗不锈钢全套厨房套刀刀具德国进口钼钒钢菜刀套装组合七件套,https://detail.tmall.com/item.htm?id=528782562094&skuId=3204906863100&user_id=820342842&cat_id=2&is_b=1&rn=dcc51554a2cbe941a9cbeb6ace96819b,468.00,459.0,90笔,279
双立人飞鱼秀专卖店,德国双立人刀具组合切菜刀砍骨刀多用刀3件套装厨房家用不锈钢刀,https://detail.tmall.com/item.htm?id=37688309998&skuId=76984824310&user_id=661205023&cat_id=2&is_b=1&rn=dcc51554a2cbe941a9cbeb6ace96819b,548.00,409.0,105笔,199
双立人美滔美淘专卖店,双立人菜刀具切片刀套装Enjoy套装厨房中片刀砍骨刀进口不锈钢,https://detail.tmall.com/item.htm?id=20541003562&skuId=50335467668&user_id=134438005&cat_id=2&is_b=1&rn=dcc51554a2cbe941a9cbeb6ace96819b,438.00,1120.0,118笔,884
ameal旗舰店,Ameal菜刀套装家用刀具套装厨房用具德国不锈钢厨刀切片刀斩骨刀,https://detail.tmall.com/item.htm?id=42966326395&skuId=3161755391717&user_id=2066085694&cat_id=2&is_b=1&rn=dcc51554a2cbe941a9cbeb6ace96819b,298.00,1610.0,105笔,1400
大大和小小家居专营店,十八子作菜刀砍切刀十八子厨房刀具家用木柄不锈钢锋利切菜切片刀,https://detail.tmall.com/item.htm?id=535556529482&skuId=3201643702188&user_id=2824452710&cat_id=2&is_b=1&rn=dcc51554a2cbe941a9cbeb6ace96819b,59.00,2438.0,703笔,1032
周家刀旗舰店,斩骨刀周家刀砍骨砍菜刀钢刀手工锻打刀厨师骨头刀剁骨刀厨房刀具,https://detail.tmall.com/item.htm?id=44462742541&skuId=4611686062890130445&user_id=2421072120&cat_id=2&is_b=1&rn=dcc51554a2cbe941a9cbeb6ace96819b,129.00,643.0,221笔,201
十八子作官方旗舰店,十八子作 刀具 钢刃系列 高品质 三层复合钢菜刀 家用厨房切片刀,https://detail.tmall.com/item.htm?id=19572959679&skuId=3422536482448&user_id=1625288681&cat_id=2&is_b=1&rn=dcc51554a2cbe941a9cbeb6ace96819b,199.00,1289.0,264笔,761
十八子作官方旗舰店,十八子作 女士菜刀 不锈钢木柄切片刀 厨房轻巧切菜刀具,https://detail.tmall.com/item.htm?id=23274644903&skuId=3258660069737&user_id=1625288681&cat_id=2&is_b=1&rn=dcc51554a2cbe941a9cbeb6ace96819b,89.00,3848.0,598笔,2652
张小泉思优普专卖店,张小泉菜刀套装 家用厨房不锈钢组合套刀 菜刀小厨刀二件套刀具,https://detail.tmall.com/item.htm?id=38287980282&skuId=3116465533424&user_id=1848910522&cat_id=2&is_b=1&rn=dcc51554a2cbe941a9cbeb6ace96819b,118.00,6541.0,999笔,4543
张小泉思优普专卖店,张小泉菜刀厨房套装刀具 家用不锈钢菜刀套装七件全套刀具组合刀,https://detail.tmall.com/item.htm?id=36449420607&skuId=3116550283635&user_id=1848910522&cat_id=2&is_b=1&rn=dcc51554a2cbe941a9cbeb6ace96819b,368.00,2075.0,520笔,1035
天猫超市,【天猫超市】张小泉锋颖不锈钢斩骨刀家用厨房刀具菜刀剁肉砍骨刀,https://detail.tmall.com/item.htm?id=539367711832&skuId=4611686557795099736&user_id=725677994&cat_id=2&is_b=1&rn=dcc51554a2cbe941a9cbeb6ace96819b,79.00,1650.0,780笔,90
德世朗官方旗舰店,德世朗切菜刀德国进口不锈钢切片刀切肉刀水果刀厨房刀具五件套装,https://detail.tmall.com/item.htm?id=14218283970&skuId=3195550262564&user_id=820342842&cat_id=2&is_b=1&rn=dcc51554a2cbe941a9cbeb6ace96819b,299.00,1383.0,81笔,1221
天猫超市,【天猫超市】张小泉锋颖不锈钢家用小厨刀多用小菜刀切蔬果菜菜刀,https://detail.tmall.com/item.htm?id=539366987000&skuId=4611686557794374904&user_id=725677994&cat_id=2&is_b=1&rn=dcc51554a2cbe941a9cbeb6ace96819b,59.00,1450.0,694笔,62
双立人飞鱼秀专卖店,德国双立人刀具套装厨房菜刀砍骨刀水果刀8件套不锈钢全套刀组合,https://detail.tmall.com/item.htm?id=18985426908&skuId=45560830227&user_id=661205023&cat_id=2&is_b=1&rn=dcc51554a2cbe941a9cbeb6ace96819b,1088.00,402.0,173笔,56
张小泉官方旗舰店,张小泉锐志不锈钢切片刀湿式开刃钼钒钢锋利耐用厨师切菜切肉菜刀,https://detail.tmall.com/item.htm?id=525857779545&skuId=3130539501320&user_id=684978371&cat_id=2&is_b=1&rn=dcc51554a2cbe941a9cbeb6ace96819b,89.00,1721.0,410笔,901
双立人美滔美淘专卖店,德国双立人刀具套装TWIN Point红点磁性多用刀架8件厨房中片菜刀,https://detail.tmall.com/item.htm?id=540634266606&skuId=4611686559061654510&user_id=134438005&cat_id=2&is_b=1&rn=dcc51554a2cbe941a9cbeb6ace96819b,998.00,409.0,170笔,69
双立人美滔美淘专卖店,双立人刀具套装菜刀剪刀德国厨房中片刀磨刀器炊具套装,https://detail.tmall.com/item.htm?id=42975466777&skuId=4611686061402854681&user_id=134438005&cat_id=2&is_b=1&rn=dcc51554a2cbe941a9cbeb6ace96819b,1688.00,337.0,51笔,235
悠达家居专营店,十八子作菜刀套装家用全套组合刀具套装厨房不锈钢套刀厨具切片刀,https://detail.tmall.com/item.htm?id=43663817840&skuId=3138047302998&user_id=1831429802&cat_id=2&is_b=1&rn=dcc51554a2cbe941a9cbeb6ace96819b,189.00,5826.0,620笔,4586
德利尔旗舰店,德利尔陶瓷刀菜刀五件套装德国厨房陶瓷套刀刀具套装切片刀水果刀,https://detail.tmall.com/item.htm?id=45368879708&skuId=86311997088&user_id=1796285223&cat_id=2&is_b=1&rn=dcc51554a2cbe941a9cbeb6ace96819b,139.00,4685.0,1059笔,2567
bayco拜格旗舰店,拜格厨房刀具套装组合德国工艺不锈钢全套厨房家用菜刀水果刀套装,https://detail.tmall.com/item.htm?id=37030139660&skuId=3103698201789&user_id=1113302587&cat_id=2&is_b=1&rn=dcc51554a2cbe941a9cbeb6ace96819b,99.00,11821.0,4940笔,1941
kai贝印恩科专卖店,关孙六贝印原装进口中华菜刀厨刀中式刀三德刀套装多用厨刀包邮,https://detail.tmall.com/item.htm?id=527609359258&skuId=4611686546036747162&user_id=2680105814&cat_id=2&is_b=1&rn=dcc51554a2cbe941a9cbeb6ace96819b,296.00,624.0,182笔,260
悠达家居专营店,十八子作菜刀套装 厨房套刀厨刀切片刀砍骨刀组合 不锈钢刀具套装,https://detail.tmall.com/item.htm?id=44166049913&skuId=3120310170570&user_id=1831429802&cat_id=2&is_b=1&rn=dcc51554a2cbe941a9cbeb6ace96819b,90.00,6599.0,2547笔,1505
愉家居家日用专营店,十八子作菜刀切片刀一体成型全不锈钢刀具砍刀骨刀斩切刀阳江正品,https://detail.tmall.com/item.htm?id=44898583877&skuId=3131380496474&user_id=1882714749&cat_id=2&is_b=1&rn=dcc51554a2cbe941a9cbeb6ace96819b,45.00,2041.0,557笔,927
wishing海外专营店,德国双立人刀具家用切菜刀不锈钢中片刀切片刀切肉刀厨房刀具套装,https://detail.tmall.com/item.htm?id=525989664847&skuId=3206448591719&user_id=2242369532&cat_id=2&is_b=1&rn=dcc51554a2cbe941a9cbeb6ace96819b,299.00,790.0,347笔,96
陶正旗舰店,TRACEN/陶正陶瓷刀具 陶瓷刀套装 陶瓷刀菜刀 切肉刀切片刀水果刀,https://detail.tmall.com/item.htm?id=21552664338&skuId=3267362592527&user_id=1027236195&cat_id=2&is_b=1&rn=dcc51554a2cbe941a9cbeb6ace96819b,159.00,10439.0,2517笔,5405
bayco拜格旗舰店,拜格刀具套装家用德国工艺不锈钢厨房菜刀水果刀全套厨具用品组合,https://detail.tmall.com/item.htm?id=44164782157&skuId=3102000991882&user_id=1113302587&cat_id=2&is_b=1&rn=dcc51554a2cbe941a9cbeb6ace96819b,179.00,3637.0,1292笔,1053
Mytime官方海外旗舰店,德国进口双立人菜刀红点中片刀切片砍骨刀斩骨刀厨房磨刀器3件套,https://detail.tmall.com/item.htm?id=528969052303&skuId=4611686547396440207&user_id=2553412486&cat_id=2&is_b=1&rn=dcc51554a2cbe941a9cbeb6ace96819b,759.00,206.0,82笔,42
newair维艾旗舰店,维艾刀具套装菜刀厨房套刀德国套装组合不锈钢一体家用全套厨具,https://detail.tmall.com/item.htm?id=16914572019&skuId=63690100885&user_id=822941990&cat_id=2&is_b=1&rn=dcc51554a2cbe941a9cbeb6ace96819b,179.00,2460.0,1229笔,2
陶正旗舰店,陶正陶瓷刀 厨房刀具套装黑刃带槽陶瓷刀菜刀套装 陶瓷刀套装,https://detail.tmall.com/item.htm?id=538485949757&skuId=3238168897004&user_id=1027236195&cat_id=2&is_b=1&rn=dcc51554a2cbe941a9cbeb6ace96819b,299.00,540.0,233笔,74
德利尔旗舰店,德利尔黑刃陶瓷刀菜刀五件套装德国厨房陶瓷菜刀具套装切片水果刀,https://detail.tmall.com/item.htm?id=528948539844&skuId=3149915599314&user_id=1796285223&cat_id=2&is_b=1&rn=dcc51554a2cbe941a9cbeb6ace96819b,119.00,2170.0,616笔,938
邓家刀旗舰店,大足邓家刀菜刀组合刀具套装不锈钢9铬七件全套厨房套刀刀具,https://detail.tmall.com/item.htm?id=39427040716&skuId=3104098311053&user_id=1975581916&cat_id=2&is_b=1&rn=dcc51554a2cbe941a9cbeb6ace96819b,288.00,513.0,87笔,339
oou居家日用旗舰店,OOU刀具套装七件套砍骨刀切菜刀水果刀切片刀厨师刀磨刀器厨房用,https://detail.tmall.com/item.htm?id=534284587494&skuId=3427683170242&user_id=1913385940&cat_id=2&is_b=1&rn=dcc51554a2cbe941a9cbeb6ace96819b,358.00,141.0,61笔,19
豪圣旗舰店,豪圣不锈钢切菜刀家用厨房刀具套装切肉刀砍骨刀菜板组合切片刀,https://detail.tmall.com/item.htm?id=535688205707&skuId=3196445209035&user_id=2786385285&cat_id=2&is_b=1&rn=dcc51554a2cbe941a9cbeb6ace96819b,22.90,71000.0,2.6万笔,1.9万
邓家刀旗舰店,邓家刀手工锻打9铬复合钢菜刀 不锈钢夹层厨房刀具家用菜刀切片刀,https://detail.tmall.com/item.htm?id=532764632748&skuId=4611686551192020652&user_id=1975581916&cat_id=2&is_b=1&rn=dcc51554a2cbe941a9cbeb6ace96819b,198.00,336.0,118笔,100
铁匠世家旗舰店,铁匠世家手工锻打家用菜刀 不锈钢切片刀 厨房刀具切肉切菜刀厨刀,https://detail.tmall.com/item.htm?id=537223077728&skuId=4611686555650465632&user_id=2067034612&cat_id=2&is_b=1&rn=dcc51554a2cbe941a9cbeb6ace96819b,117.00,349.0,104笔,141
李培德旗舰店,夹钢菜刀铁菜刀切片刀切肉刀碳钢菜刀厨师刀专业菜刀超薄片刀锋利,https://detail.tmall.com/item.htm?id=535457091721&skuId=3195512757631&user_id=2436887674&cat_id=2&is_b=1&rn=dcc51554a2cbe941a9cbeb6ace96819b,129.00,298.0,105笔,88
铁匠世家旗舰店,铁匠世家菜刀切片刀手工锻打德国不锈钢斩切刀厨房刀具家用切菜刀,https://detail.tmall.com/item.htm?id=45558108996&skuId=4611686063985496900&user_id=2067034612&cat_id=2&is_b=1&rn=dcc51554a2cbe941a9cbeb6ace96819b,115.00,1144.0,93笔,958
苏泊尔载亿专卖店,苏泊尔刀具不锈钢套装刀具 家用刀具套装 厨房 菜刀套装切菜刀,https://detail.tmall.com/item.htm?id=19981125613&skuId=3421006699948&user_id=1122514112&cat_id=2&is_b=1&rn=dcc51554a2cbe941a9cbeb6ace96819b,69.00,14932.0,4048笔,6836
龙之艺旗舰店,龙之艺砍骨刀骨头刀家用菜刀不锈钢手工锻打斩骨刀剁骨刀切骨刀具,https://detail.tmall.com/item.htm?id=40506197791&skuId=3206666223492&user_id=2157875399&cat_id=2&is_b=1&rn=dcc51554a2cbe941a9cbeb6ace96819b,29.00,16398.0,2199笔,1.2万
苏泊尔汇田专卖店,苏泊尔厨房三件套装刀具全套厨房刀具菜刀/多用刀/多功能剪刀正品,https://detail.tmall.com/item.htm?id=18558168113&skuId=3244339152952&user_id=815034968&cat_id=2&is_b=1&rn=dcc51554a2cbe941a9cbeb6ace96819b,69.00,11412.0,1586笔,8240
kai贝印家居旗舰店,1元预售Tsuyu旬大马士革钢全球限量款日式厨刀纯手工主厨刀,https://detail.tmall.com/item.htm?id=536031214723&skuId=3408073598254&user_id=2185490739&cat_id=2&is_b=1&rn=dcc51554a2cbe941a9cbeb6ace96819b,5400.00,11.0,4笔,3
kai贝印恩科专卖店,kai贝印日本原装进口 shun旬刀500万把销售纪念套刀菜刀水果刀,https://detail.tmall.com/item.htm?id=532859714121&skuId=4611686551287102025&user_id=2680105814&cat_id=2&is_b=1&rn=dcc51554a2cbe941a9cbeb6ace96819b,1980.00,105.0,38笔,29
